hour_utc,open,high,low,close,volume,n_src
1788267600,707.42999,708.45001,705.62,707.22498,6487030.0,1
1788271200,707.27002,711.090027,706.77142,710.17999,4133769.0,2
1788274800,710.18988,712.29999,708.99969,711.79999,3577043.0,2
1788278400,711.84998,711.89001,707.87,709.28998,4529582.0,2
1788282000,709.29999,709.29999,707.0,708.01001,1923157.0,2
1788285600,708.0,708.27002,704.65997,706.42322,3423579.0,2
1788289200,706.44501,708.54999,706.31,707.65503,6657938.0,2
1788354000,707.10999,707.53998,705.10999,706.17999,4494351.0,1
1788357600,706.19,709.79883,705.5,707.59998,4671111.0,2
1788361200,707.59003,709.73993,707.29749,709.19501,2229752.0,2
1788364800,709.20001,709.47998,707.97998,708.41998,1636711.0,2
1788368400,708.45001,709.09,707.71997,708.53998,1876207.0,2
1788372000,708.54999,709.48999,707.84998,708.21002,2342441.0,2
1788375600,708.22498,709.42499,708.075684,709.25,4646032.0,2
1788440400,710.84998,713.84967,709.69379,712.88,5352352.0,1
1788444000,712.84003,713.64502,710.67999,713.54999,4634658.0,2
1788447600,713.56989,717.86499,713.565,717.82001,4949632.0,2
1788451200,717.80499,717.92999,716.44,717.55499,2647742.0,2
1788454800,717.57001,718.15002,716.34003,717.91998,1864782.0,2
1788458400,717.91998,718.90997,717.91998,718.51001,3004208.0,2
1788462000,718.52502,718.56,717.14001,717.60999,4898539.0,2
1788526800,719.35999,721.85999,718.52502,721.83801,4889207.0,1
1788530400,721.82001,721.84003,717.26001,717.71002,6154253.0,2
1788534000,717.76001,718.32001,716.78998,717.63013,4037858.0,2
1788537600,717.65002,719.60498,717.42999,719.15997,3597441.0,2
1788541200,719.15997,719.21997,716.56,717.12,3788518.0,2
1788544800,717.10999,718.32001,716.64001,718.22998,3096828.0,2
1788548400,718.23499,719.44,717.47998,719.059998,5413674.0,2
1788872400,720.96997,721.88599,716.32,717.46997,4792383.0,1
1788876000,717.46002,718.93872,715.57001,718.92999,3416064.0,2
1788879600,718.95001,720.93,718.55499,719.96997,4283747.0,2
1788883200,719.98999,720.40002,718.66998,719.22998,3042935.0,2
1788886800,719.23999,720.85,719.21997,719.65997,2296091.0,2
1788890400,719.66998,720.23999,717.90997,719.28998,2707883.0,2
1788894000,719.315,719.54633,717.25,718.38062,4583363.0,2
1788958800,716.28998,719.059998,715.48999,718.88,4806002.0,1
1788962400,718.87,719.70001,716.48999,718.16998,4228246.0,2
1788966000,718.18512,718.92999,714.02,716.19,4583272.0,2
1788969600,716.1911,716.87,714.71002,716.40997,2366899.0,2
1788973200,716.40002,717.049988,715.71,716.70001,1771723.0,2
1788976800,716.69,716.79999,715.92999,716.15002,1722781.0,2
1788980400,716.15997,716.745,715.53,716.28003,4808777.0,2
1789045200,706.845,710.445,706.74,707.82,61299.0,1
1789048800,707.77,712.135,707.67,711.88,69074.0,2
1789052400,711.89,712.06,709.865,710.375,41249.0,2
1789056000,710.41,711.305,708.605,711.025,54377.0,2
1789059600,711.015,711.865,709.63,709.89,36353.0,2
1789063200,709.895,710.265,708.9,709.58,42369.0,2
1789066800,709.585,709.63,708.235,708.415,111377.0,2
1789131600,715.665,717.145,713.68,716.77,62464.0,1
1789135200,716.94,717.06,713.565,714.5,80296.0,2
1789138800,714.5,717.645,714.235,716.425,65971.0,2
1789142400,716.425,717.31,714.99,716.105,34410.0,2
1789146000,716.105,717.195,716.065,716.505,31971.0,2
1789149600,716.505,716.765,715.675,715.945,34383.0,2
1789153200,715.95,716.115,714.735,714.955,116038.0,2
1789390800,702.65,706.845,702.49,705.735,81083.0,1
1789394400,705.74,707.845,704.51,705.91,94211.0,2
1789398000,705.905,710.685,705.2,709.825,72128.0,2
1789401600,709.84,712.365,708.78,711.855,42776.0,2
1789405200,711.855,713.0,711.29,712.425,42328.0,2
1789408800,712.425,712.89,711.695,711.845,49333.0,2
1789412400,711.845,712.0,709.035,709.165,159178.0,2
1789477200,708.77,709.62,707.47,708.96,40171.0,1
1789480800,708.94,709.09,703.86,704.47,65452.0,2
1789484400,704.47,706.065,704.46,705.33,50706.0,2
1789488000,705.33,706.04,704.395,705.44,40939.0,2
1789491600,705.455,705.575,704.47,705.035,46072.0,2
1789495200,705.035,705.595,704.16,704.71,54524.0,2
1789498800,704.72,704.935,703.615,704.565,163700.0,2
1789563600,707.485,710.405,707.485,710.235,31316.0,1
1789567200,710.195,710.735,708.7,710.67,49668.0,2
1789570800,710.675,711.93,710.28,710.685,39829.0,2
1789574400,710.68,710.765,709.825,709.965,23897.0,2
1789578000,709.965,710.305,708.755,710.305,47294.0,2
1789581600,710.245,711.7,704.04,704.305,62393.0,2
1789585200,704.315,706.02,699.965,704.765,151963.0,2
1789650000,715.955,716.62,713.24,715.425,67014.0,1
1789653600,715.38,716.9,714.105,715.22,73413.0,2
1789657200,715.22,716.78,714.545,716.69,57692.0,2
1789660800,716.695,716.965,715.79,716.665,79137.0,2
1789664400,716.675,717.345,716.11,716.7,65718.0,2
1789668000,716.7,716.875,715.85,716.25,52920.0,2
1789671600,716.25,718.1,716.215,716.945,143243.0,2
1789736400,719.725,719.815,717.61,717.9,53605.0,1
1789740000,717.895,718.21,715.84,717.43,75802.0,2
1789743600,717.43,717.81,716.125,716.26,46203.0,2
1789747200,716.265,716.94,715.035,716.74,51734.0,2
1789750800,716.735,717.73,716.52,717.58,60309.0,2
1789754400,717.58,719.63,717.205,719.175,72625.0,2
1789758000,719.17,721.785,718.905,721.42,263544.0,2
1789995600,728.67,732.78,727.7,732.5,140714.0,1
1789999200,732.505,735.925,732.06,735.725,124207.0,2
1790002800,735.735,737.87,735.66,737.15,71923.0,2
1790006400,737.155,739.475,736.91,738.83,88403.0,2
1790010000,738.83,739.865,738.42,739.57,66330.0,2
1790013600,739.575,741.61,739.54,741.32,68032.0,2
1790017200,741.32,743.23,740.99,741.415,277094.0,2
1790082000,740.93,745.51,740.8,745.205,39003.0,1
1790085600,745.005,746.705,744.005,744.885,74587.0,2
1790089200,744.885,745.515,743.96,744.545,32299.0,2
1790092800,744.55,745.435,743.96,745.28,33286.0,2
1790096400,745.28,746.47,744.83,746.165,30330.0,2
1790100000,746.175,747.0,745.52,746.14,23338.0,2
1790103600,746.135,748.37,746.115,747.49,118094.0,2
1790168400,746.89,747.405,742.765,743.13,39352.0,1
1790172000,743.125,743.8,738.14,742.515,112914.0,2
1790175600,742.52,742.71,740.11,740.71,52852.0,2
1790179200,740.71,740.97,738.76,739.245,46317.0,2
1790182800,739.245,741.38,738.195,741.275,55345.0,2
1790186400,741.275,741.33,740.15,741.055,36959.0,2
1790190000,741.055,741.55,739.72,741.15,83362.0,2
1790254800,734.955,737.91,734.335,736.565,33018.0,1
1790258400,736.795,738.215,735.605,735.855,32137.0,2
1790262000,735.855,736.625,734.825,736.095,35496.0,2
1790265600,736.095,742.445,734.92,741.84,69251.0,2
1790269200,741.84,742.69,738.765,739.535,38743.0,2
1790272800,739.535,741.86,737.705,741.525,28107.0,2
1790276400,741.525,741.9,740.17,741.125,83827.0,2
1790341200,743.35,745.525,741.7,744.765,37055.0,1
1790344800,744.77,744.945,739.585,742.945,63496.0,2
1790348400,742.96,744.12,740.715,743.72,47206.0,2
1790352000,743.72,745.99,743.245,744.225,62930.0,2
1790355600,744.22,745.415,744.085,745.02,27418.0,2
1790359200,745.025,745.49,743.91,743.96,32640.0,2
1790362800,743.965,745.54,743.315,744.495,94855.0,2
1790600400,740.47,741.42,737.115,738.8,46398.0,1
1790604000,738.8,738.975,731.54,732.905,86743.0,2
1790607600,732.91,735.865,732.75,735.52,130800.0,2
1790611200,735.525,740.45,734.95,737.48,119378.0,2
1790614800,737.45,739.785,736.58,738.075,61880.0,2
1790618400,738.07,738.655,736.915,738.355,117821.0,2
1790622000,738.365,738.46,735.73,736.48,246643.0,2
1790686800,741.07,741.07,736.13,737.76,20520.0,1
1790690400,737.755,740.15,737.275,739.11,40559.0,2
1790694000,739.095,739.245,735.965,737.305,46272.0,2
1790697600,737.31,737.515,735.315,736.14,27897.0,2
1790701200,736.125,737.265,735.385,735.725,38282.0,2
1790704800,735.73,739.07,735.72,738.695,40257.0,2
1790708400,738.695,738.94,737.04,737.935,56439.0,2
1790773200,740.14,743.56,739.545,743.49,25196.0,1
1790776800,743.48,744.825,742.04,743.595,35374.0,2
1790780400,743.595,745.13,742.69,744.445,24553.0,2
1790784000,744.445,744.905,743.045,744.05,18747.0,2
1790787600,744.045,744.305,741.655,743.925,26900.0,2
1790791200,743.92,744.06,742.285,742.85,18978.0,2
1790794800,742.85,743.945,739.265,739.69,150423.0,2
