asset_id,hour_utc,check,verdict,provider,verifier,stored_move,verifier_move,checked_utc
binance:AVAX/USDT,1791338400,close,confirmed,binance,coinbase,-0.030174,-0.030452,1791353215
binance:DOGE/USDT,1760133600,close,unconfirmed,binance,coinbase,0.041977,-0.008741,1791316800
binance:DOT/USDT,1791334800,close,confirmed,binance,coinbase,-0.034764,-0.036065,1791353215
binance:FIL/USDT,1760130000,close,unconfirmed,binance,coinbase,-0.293749,-0.020619,1791316800
binance:FIL/USDT,1760133600,close,unconfirmed,binance,coinbase,0.041411,0.005797,1791316800
binance:FIL/USDT,1760137200,close,unconfirmed,binance,coinbase,0.035028,-0.132156,1791316800
twelvedata:ANGL,1789581600,close,confirmed,sina,yahoo,-0.003863,-0.004038,1791114096
twelvedata:AUD/USD,1789581600,close,confirmed,sifting,yahoo,-0.006510,-0.006403,1791114096
twelvedata:AUD/USD,1790658000,close,confirmed,sifting,yahoo,-0.004185,-0.004202,1791114096
twelvedata:BKLN,1790946000,close,confirmed,yahoo,sina,0.001954,0.001954,1791114096
twelvedata:BWX,1789581600,close,confirmed,yahoo,sina,-0.007883,-0.007883,1791114096
twelvedata:CANE,1789394400,close,confirmed,yahoo,sina,-0.012305,-0.012305,1791114096
twelvedata:CANE,1789653600,close,confirmed,yahoo,sina,-0.013867,-0.015199,1791114096
twelvedata:CIBR,1789736400,close,confirmed,yahoo,sina,-0.026210,-0.026009,1791114096
twelvedata:CORN,1790784000,close,confirmed,twelvedata,yahoo,-0.028440,-0.028440,1791114096
twelvedata:DBA,1788958800,close,confirmed,twelvedata,yahoo,-0.007215,-0.007215,1791114096
twelvedata:DBB,1789045200,close,confirmed,yahoo,sina,-0.008948,-0.008948,1791114096
twelvedata:DBE,1790265600,close,confirmed,sina,yahoo,-0.028433,-0.028433,1791114096
twelvedata:DIA,1789581600,close,confirmed,alpaca,yahoo,-0.011477,-0.011477,1791114096
twelvedata:EBND,1789581600,close,confirmed,yahoo,sina,-0.005769,-0.005769,1791114096
twelvedata:EBND,1790168400,close,confirmed,yahoo,sina,-0.003841,-0.003841,1791114096
twelvedata:EFA,1789581600,close,confirmed,tiingo,yahoo,-0.010340,-0.010435,1791114096
twelvedata:EMB,1789581600,close,confirmed,tiingo,yahoo,-0.004075,-0.004075,1791114096
twelvedata:EMB,1790168400,close,confirmed,tiingo,yahoo,-0.004016,-0.004229,1791114096
twelvedata:EMLC,1789581600,close,confirmed,alpaca,yahoo,-0.005363,-0.005363,1791114096
twelvedata:EMLC,1790168400,close,confirmed,alpaca,yahoo,-0.004172,-0.004172,1791114096
twelvedata:EUR/USD,1789581600,close,confirmed,sifting,yahoo,-0.005967,-0.005984,1791114096
twelvedata:EUR/USD,1791165600,close,confirmed,sifting,yahoo,-0.005383,-0.005377,1791248811
twelvedata:EUR/USD,1791270000,close,confirmed,sifting,yahoo,0.002681,0.002807,1791353215
twelvedata:EWA,1789581600,close,confirmed,sina,yahoo,-0.011633,-0.011633,1791114096
twelvedata:EWC,1789581600,close,confirmed,yahoo,sina,-0.012065,-0.012065,1791114096
twelvedata:EWJ,1789581600,close,confirmed,alpaca,yahoo,-0.012508,-0.012508,1791114096
twelvedata:EWW,1789581600,close,confirmed,sina,yahoo,-0.020956,-0.020956,1791114096
twelvedata:EWZ,1789048800,close,confirmed,alpaca,yahoo,0.027578,0.027578,1791114096
twelvedata:EWZ,1791205200,open,confirmed,alpaca,yahoo,0.113324,0.112973,1791288417
twelvedata:FALN,1789581600,close,confirmed,sina,yahoo,-0.003966,-0.003966,1791114096
twelvedata:GBP/USD,1789581600,close,confirmed,sifting,yahoo,-0.005095,-0.005112,1791114096
twelvedata:GBP/USD,1791165600,close,confirmed,sifting,yahoo,-0.003057,-0.003093,1791248811
twelvedata:GIGB,1789581600,close,confirmed,yahoo,sina,-0.003494,-0.003494,1791114096
twelvedata:GIGB,1790604000,close,confirmed,yahoo,sina,-0.003212,-0.003212,1791114096
twelvedata:GIGB,1790794800,close,unconfirmed,yahoo,sina,-0.003234,0.000920,1791114096
twelvedata:GLD,1789581600,close,confirmed,twelvedata,yahoo,-0.023274,-0.023274,1791114096
twelvedata:GLTR,1789581600,close,confirmed,sina,yahoo,-0.021550,-0.021550,1791114096
twelvedata:GOVT,1789398000,close,confirmed,alpaca,yahoo,0.002293,0.002293,1791114096
twelvedata:GOVT,1789581600,close,confirmed,alpaca,yahoo,-0.003236,-0.003236,1791114096
twelvedata:GOVT,1790168400,close,confirmed,alpaca,yahoo,-0.002486,-0.002486,1791114096
twelvedata:GOVT,1790258400,close,confirmed,alpaca,yahoo,-0.002497,-0.002497,1791114096
twelvedata:GOVT,1790604000,close,confirmed,alpaca,yahoo,-0.002284,-0.002284,1791114096
twelvedata:GOVT,1790866800,close,confirmed,alpaca,yahoo,0.002292,0.002929,1791114096
twelvedata:IAU,1789581600,close,confirmed,yahoo,sina,-0.023381,-0.023381,1791114096
twelvedata:IEF,1789398000,close,confirmed,tiingo,yahoo,0.003076,0.003021,1791114096
twelvedata:IEF,1789581600,close,confirmed,tiingo,yahoo,-0.004780,-0.004725,1791114096
twelvedata:IEF,1790168400,close,confirmed,tiingo,yahoo,-0.003800,-0.003854,1791114096
twelvedata:IEF,1790258400,close,confirmed,tiingo,yahoo,-0.003328,-0.003272,1791114096
twelvedata:IEI,1789398000,close,confirmed,tiingo,yahoo,0.001921,0.001921,1791114096
twelvedata:IEI,1789581600,close,confirmed,tiingo,yahoo,-0.004104,-0.004017,1791114096
twelvedata:IEI,1790168400,close,confirmed,tiingo,yahoo,-0.002628,-0.002584,1791114096
twelvedata:IEI,1790258400,close,confirmed,tiingo,yahoo,-0.001934,-0.001714,1791114096
twelvedata:IGIB,1789581600,close,confirmed,alpaca,yahoo,-0.003923,-0.003922,1791114096
twelvedata:IGIB,1790168400,close,confirmed,alpaca,yahoo,-0.003220,-0.003220,1791114096
twelvedata:IGIB,1790604000,close,confirmed,alpaca,yahoo,-0.003470,-0.003470,1791114096
twelvedata:JMBS,1789581600,close,confirmed,sina,yahoo,-0.004771,-0.004771,1791114096
twelvedata:JMBS,1790168400,close,confirmed,sina,yahoo,-0.003806,-0.003806,1791114096
twelvedata:JMBS,1790258400,close,confirmed,sina,yahoo,-0.005000,-0.005000,1791114096
twelvedata:JMBS,1790604000,close,confirmed,sina,yahoo,-0.005279,-0.005279,1791114096
twelvedata:JMBS,1790704800,close,confirmed,sina,yahoo,0.004717,0.004717,1791114096
twelvedata:JMBS,1791295200,close,confirmed,sina,yahoo,0.004027,0.004028,1791353215
twelvedata:JNK,1789581600,close,confirmed,tiingo,yahoo,-0.003227,-0.003121,1791114096
twelvedata:JNK,1790341200,close,confirmed,tiingo,yahoo,-0.002880,-0.001174,1791114096
twelvedata:KRE,1789581600,close,confirmed,alpaca,yahoo,-0.021082,-0.021082,1791114096
twelvedata:LEMB,1790686800,close,confirmed,sina,yahoo,0.003435,0.003435,1791114096
twelvedata:LMBS,1789581600,close,confirmed,alpaca,yahoo,-0.002450,-0.002450,1791114096
twelvedata:LQD,1789581600,close,confirmed,tiingo,yahoo,-0.003962,-0.004201,1791114096
twelvedata:LQD,1790168400,close,confirmed,tiingo,yahoo,-0.004300,-0.004730,1791114096
twelvedata:LQD,1790258400,close,confirmed,tiingo,yahoo,-0.003759,-0.003711,1791114096
twelvedata:MBB,1789398000,close,confirmed,tiingo,yahoo,0.003285,0.003358,1791114096
twelvedata:MBB,1789581600,close,confirmed,tiingo,yahoo,-0.004266,-0.004267,1791114096
twelvedata:MBB,1790168400,close,confirmed,tiingo,yahoo,-0.003129,-0.003074,1791114096
twelvedata:MBB,1790258400,close,confirmed,tiingo,yahoo,-0.004975,-0.004920,1791114096
twelvedata:MBB,1791295200,close,confirmed,tiingo,yahoo,0.003472,0.003472,1791353215
twelvedata:MDY,1789581600,close,confirmed,yahoo,sina,-0.012890,-0.012890,1791114096
twelvedata:NZD/USD,1789041600,close,confirmed,sifting,yahoo,-0.004264,-0.004363,1791114096
twelvedata:NZD/USD,1789581600,close,confirmed,sifting,yahoo,-0.008672,-0.008607,1791114096
twelvedata:NZD/USD,1790042400,close,confirmed,sifting,yahoo,0.005364,0.004972,1791114096
twelvedata:PFF,1789581600,close,confirmed,tiingo,yahoo,-0.006832,-0.004867,1791114096
twelvedata:PPLT,1789581600,close,confirmed,yahoo,sina,-0.022185,-0.022185,1791114096
twelvedata:QLTA,1789578000,close,confirmed,sina,yahoo,-0.004251,-0.004251,1791114096
twelvedata:QLTA,1790168400,close,confirmed,sina,yahoo,-0.003272,-0.003272,1791114096
twelvedata:QLTA,1790604000,close,confirmed,sina,yahoo,-0.003441,-0.003441,1791114096
twelvedata:REM,1789045200,close,confirmed,yahoo,sina,-0.015751,-0.015751,1791114096
twelvedata:REM,1790254800,close,confirmed,yahoo,sina,-0.013479,-0.013479,1791114096
twelvedata:RSP,1789581600,close,confirmed,alpaca,yahoo,-0.010080,-0.010080,1791114096
twelvedata:SCHO,1789581600,close,confirmed,yahoo,sina,-0.001990,-0.001990,1791114096
twelvedata:SCHP,1789581600,close,confirmed,alpaca,yahoo,-0.005282,-0.005282,1791114096
twelvedata:SCHP,1790168400,close,confirmed,alpaca,yahoo,-0.002552,-0.002552,1791114096
twelvedata:SCHP,1790604000,close,confirmed,alpaca,yahoo,-0.002980,-0.002980,1791114096
twelvedata:SCHP,1790866800,close,confirmed,alpaca,yahoo,0.002787,0.002816,1791114096
twelvedata:SGOL,1789581600,close,confirmed,sina,yahoo,-0.023393,-0.023393,1791114096
twelvedata:SGOL,1790600400,open,confirmed,sina,yahoo,-0.035135,-0.035135,1791114096
twelvedata:SHY,1789581600,close,confirmed,tiingo,yahoo,-0.001906,-0.002148,1791114096
twelvedata:SHY,1790168400,close,confirmed,tiingo,yahoo,-0.001046,-0.000923,1791114096
twelvedata:SHYG,1789581600,close,confirmed,yahoo,sina,-0.002511,-0.002511,1791114096
twelvedata:SHYG,1790686800,close,confirmed,yahoo,sina,-0.002659,-0.002659,1791114096
twelvedata:SIVR,1789581600,close,confirmed,yahoo,sina,-0.027735,-0.027735,1791114096
twelvedata:SLQD,1789581600,close,confirmed,sina,yahoo,-0.002011,-0.002011,1791114096
twelvedata:SLQD,1790168400,close,confirmed,sina,yahoo,-0.001611,-0.001410,1791114096
twelvedata:SLQD,1790604000,close,confirmed,sina,yahoo,-0.001213,-0.001112,1791114096
twelvedata:SLV,1789581600,close,confirmed,twelvedata,yahoo,-0.028127,-0.027528,1791114096
twelvedata:SPIB,1789398000,close,confirmed,alpaca,yahoo,0.002142,0.002142,1791114096
twelvedata:SPIB,1789581600,close,confirmed,alpaca,yahoo,-0.003218,-0.003218,1791114096
twelvedata:SPIB,1790168400,close,confirmed,alpaca,yahoo,-0.003219,-0.003219,1791114096
twelvedata:SPIB,1790604000,close,confirmed,alpaca,yahoo,-0.002322,-0.002322,1791114096
twelvedata:SPIB,1790866800,close,confirmed,alpaca,yahoo,0.002176,0.002177,1791114096
twelvedata:SPMB,1789398000,close,confirmed,yahoo,sina,0.003480,0.003480,1791114096
twelvedata:SPMB,1789581600,close,confirmed,yahoo,sina,-0.004203,-0.004203,1791114096
twelvedata:SPMB,1790168400,close,confirmed,yahoo,sina,-0.003950,-0.003950,1791114096
twelvedata:SPMB,1790258400,close,confirmed,yahoo,sina,-0.004449,-0.004449,1791114096
twelvedata:SPMB,1790604000,close,confirmed,yahoo,sina,-0.004624,-0.004624,1791114096
twelvedata:SPMB,1790704800,close,confirmed,yahoo,sina,0.003319,0.003319,1791114096
twelvedata:SPTL,1788966000,close,confirmed,alpaca,yahoo,-0.005803,-0.005803,1791114096
twelvedata:SPTL,1789398000,close,confirmed,alpaca,yahoo,0.005662,0.005662,1791114096
twelvedata:SPTL,1790168400,close,confirmed,alpaca,yahoo,-0.005041,-0.005041,1791114096
twelvedata:SPTL,1790258400,close,confirmed,alpaca,yahoo,-0.005715,-0.005716,1791114096
twelvedata:SPTL,1790604000,close,confirmed,alpaca,yahoo,-0.006444,-0.006444,1791114096
twelvedata:SRLN,1790600400,close,confirmed,yahoo,sina,-0.002098,-0.001605,1791114096
twelvedata:STIP,1789581600,close,confirmed,sina,yahoo,-0.003193,-0.003193,1791114096
twelvedata:TIP,1789398000,close,confirmed,tiingo,yahoo,0.002264,0.002357,1791114096
twelvedata:TIP,1789581600,close,confirmed,tiingo,yahoo,-0.005484,-0.005390,1791114096
twelvedata:TIP,1790258400,close,confirmed,tiingo,yahoo,-0.002292,-0.002244,1791114096
twelvedata:TIP,1791295200,close,confirmed,tiingo,yahoo,0.002593,0.002593,1791353215
twelvedata:TLH,1788966000,close,confirmed,tiingo,yahoo,-0.004680,-0.004680,1791114096
twelvedata:TLH,1789398000,close,confirmed,tiingo,yahoo,0.005100,0.005205,1791114096
twelvedata:TLH,1790168400,close,confirmed,tiingo,yahoo,-0.005040,-0.004935,1791114096
twelvedata:TLH,1790258400,close,confirmed,tiingo,yahoo,-0.005309,-0.004885,1791114096
twelvedata:TLT,1788966000,close,confirmed,tiingo,yahoo,-0.006601,-0.006601,1791114096
twelvedata:TLT,1789398000,close,confirmed,tiingo,yahoo,0.006422,0.006466,1791114096
twelvedata:TLT,1790258400,close,confirmed,tiingo,yahoo,-0.006355,-0.006293,1791114096
twelvedata:TUR,1788876000,close,confirmed,google,yahoo,0.018678,0.018678,1791114096
twelvedata:TUR,1789563600,open,confirmed,google,yahoo,-0.059997,-0.059997,1791114096
twelvedata:UNG,1790258400,close,confirmed,twelvedata,yahoo,0.037319,0.037319,1791114096
twelvedata:UNL,1790258400,close,confirmed,yahoo,sina,0.015190,0.015190,1791114096
twelvedata:USD/BRL,1731067200,close,unconfirmed,sifting,yahoo,0.009572,0.002544,1791114096
twelvedata:USD/BRL,1734696000,close,unconfirmed,sifting,yahoo,-0.013600,-0.006597,1791114096
twelvedata:USD/BRL,1767355200,close,unconfirmed,sifting,yahoo,-0.015241,-0.004884,1791114096
twelvedata:USD/BRL,1769428800,close,unconfirmed,sifting,yahoo,-0.011589,0.001231,1791114096
twelvedata:USD/BRL,1769428800,open,unconfirmed,sifting,yahoo,0.011434,-0.001894,1791114096
twelvedata:USD/BRL,1770379200,close,unconfirmed,sifting,yahoo,-0.008243,0.001621,1791114096
twelvedata:USD/BRL,1772539200,close,unconfirmed,sifting,yahoo,0.013003,0.001680,1791114096
twelvedata:USD/BRL,1773144000,close,unconfirmed,sifting,yahoo,-0.009945,0.003814,1791114096
twelvedata:USD/BRL,1773144000,open,unconfirmed,sifting,yahoo,0.010282,-0.000950,1791114096
twelvedata:USD/BRL,1773662400,close,unconfirmed,sifting,yahoo,-0.010664,-0.003319,1791114096
twelvedata:USD/BRL,1775649600,close,unconfirmed,sifting,yahoo,-0.015470,-0.003285,1791114096
twelvedata:USD/BRL,1789048800,close,confirmed,sifting,yahoo,-0.011916,-0.012044,1791114096
twelvedata:USD/BRL,1789387200,close,confirmed,sifting,yahoo,0.008646,0.003934,1791114096
twelvedata:USD/BRL,1791201600,close,confirmed,sifting,marketwatch,-0.030677,-0.030369,1791284805
twelvedata:USD/BRL,1791201600,open,confirmed,sifting,yahoo,-0.012411,-0.044032,1791284805
twelvedata:USD/CAD,1789387200,close,confirmed,sifting,yahoo,0.002090,0.002122,1791114096
twelvedata:USD/CAD,1789581600,close,confirmed,sifting,yahoo,0.004013,0.003825,1791114096
twelvedata:USD/CHF,1789581600,close,confirmed,sifting,yahoo,0.008161,0.008461,1791114096
twelvedata:USD/CHF,1790233200,close,confirmed,sifting,yahoo,0.003778,0.003778,1791114096
twelvedata:USD/CNH,1781470800,open,unconfirmed,sifting,yahoo,0.002818,-0.000351,1791114096
twelvedata:USD/CNH,1782075600,open,unconfirmed,sifting,yahoo,0.005147,0.000136,1791114096
twelvedata:USD/CNH,1784581200,close,unconfirmed,sifting,yahoo,-0.002002,-0.000151,1791114096
twelvedata:USD/CNH,1784584800,close,unconfirmed,sifting,yahoo,0.002173,0.000185,1791114096
twelvedata:USD/CNH,1785366000,close,unconfirmed,sifting,yahoo,-0.002149,-0.000037,1791114096
twelvedata:USD/INR,1730844000,close,unconfirmed,sifting,yahoo,0.001389,-0.000012,1791114096
twelvedata:USD/INR,1730847600,close,unconfirmed,sifting,yahoo,-0.001332,0.000024,1791114096
twelvedata:USD/INR,1731016800,close,unconfirmed,sifting,yahoo,0.001361,0.000107,1791114096
twelvedata:USD/INR,1731020400,close,unconfirmed,sifting,yahoo,-0.001279,0.000107,1791114096
twelvedata:USD/INR,1732140000,close,unconfirmed,sifting,yahoo,0.001553,0.000285,1791114096
twelvedata:USD/INR,1732143600,close,unconfirmed,sifting,yahoo,-0.001204,0.000285,1791114096
twelvedata:USD/INR,1732226400,close,unconfirmed,sifting,yahoo,0.001504,0.000071,1791114096
twelvedata:USD/INR,1732230000,close,unconfirmed,sifting,yahoo,-0.001467,0.000071,1791114096
twelvedata:USD/INR,1732744800,close,unconfirmed,sifting,yahoo,0.001611,0.000592,1791114096
twelvedata:USD/INR,1732748400,close,unconfirmed,sifting,yahoo,-0.001727,0.000592,1791114096
twelvedata:USD/INR,1733176800,close,unconfirmed,sifting,yahoo,0.002062,0.000000,1791114096
twelvedata:USD/INR,1733180400,close,unconfirmed,sifting,yahoo,-0.001888,0.000000,1791114096
twelvedata:USD/INR,1733263200,close,unconfirmed,sifting,yahoo,0.002021,0.000000,1791114096
twelvedata:USD/INR,1733266800,close,unconfirmed,sifting,yahoo,-0.002019,0.000000,1791114096
twelvedata:USD/INR,1733781600,close,unconfirmed,sifting,yahoo,0.002219,0.000047,1791114096
twelvedata:USD/INR,1733785200,close,unconfirmed,sifting,yahoo,-0.002063,0.000059,1791114096
twelvedata:USD/INR,1734386400,close,unconfirmed,sifting,yahoo,0.002191,0.000153,1791114096
twelvedata:USD/INR,1734390000,close,unconfirmed,sifting,yahoo,-0.001764,0.000153,1791114096
twelvedata:USD/INR,1734426000,close,unconfirmed,sifting,yahoo,-0.004766,0.000277,1791114096
twelvedata:USD/INR,1734429600,close,unconfirmed,sifting,yahoo,0.004660,-0.000395,1791114096
twelvedata:USD/INR,1734472800,close,unconfirmed,sifting,yahoo,0.002848,0.000024,1791114096
twelvedata:USD/INR,1734476400,close,unconfirmed,sifting,yahoo,-0.002750,0.000024,1791114096
twelvedata:USD/INR,1734480000,close,unconfirmed,sifting,yahoo,0.002659,0.000024,1791114096
twelvedata:USD/INR,1734483600,close,unconfirmed,sifting,yahoo,-0.002733,0.000000,1791114096
twelvedata:USD/INR,1734562800,close,unconfirmed,sifting,yahoo,-0.001575,0.001919,1791114096
twelvedata:USD/INR,1734645600,close,unconfirmed,sifting,yahoo,0.002053,0.000270,1791114096
twelvedata:USD/INR,1734652800,close,unconfirmed,sifting,yahoo,-0.001988,0.000270,1791114096
twelvedata:USD/INR,1735250400,close,unconfirmed,sifting,yahoo,0.005116,0.000223,1791114096
twelvedata:USD/INR,1735257600,close,unconfirmed,sifting,yahoo,-0.005215,0.000223,1791114096
twelvedata:USD/INR,1735596000,close,unconfirmed,sifting,yahoo,0.003604,0.000608,1791114096
twelvedata:USD/INR,1735603200,close,unconfirmed,sifting,yahoo,-0.002882,0.000608,1791114096
twelvedata:USD/INR,1735736400,open,unconfirmed,sifting,yahoo,0.002181,0.000678,1791114096
twelvedata:USD/INR,1735765200,close,unconfirmed,sifting,yahoo,0.002004,-0.000058,1791114096
twelvedata:USD/INR,1735902000,close,unconfirmed,sifting,yahoo,0.002805,-0.000082,1791114096
twelvedata:USD/INR,1735905600,close,unconfirmed,sifting,yahoo,-0.001339,0.000117,1791114096
twelvedata:USD/INR,1735909200,close,unconfirmed,sifting,yahoo,-0.001577,-0.000198,1791114096
twelvedata:USD/INR,1736164800,close,unconfirmed,sifting,yahoo,0.002628,-0.000315,1791114096
twelvedata:USD/INR,1736168400,close,unconfirmed,sifting,yahoo,-0.003412,-0.000421,1791114096
twelvedata:USD/INR,1736172000,close,unconfirmed,sifting,yahoo,0.003750,0.000701,1791114096
twelvedata:USD/INR,1736179200,close,unconfirmed,sifting,yahoo,-0.003038,-0.000105,1791114096
twelvedata:USD/INR,1736182800,close,unconfirmed,sifting,yahoo,0.003328,0.000128,1791114096
twelvedata:USD/INR,1736186400,close,unconfirmed,sifting,yahoo,-0.002980,0.000128,1791114096
twelvedata:USD/INR,1736287200,close,unconfirmed,sifting,yahoo,0.002650,-0.000653,1791114096
twelvedata:USD/INR,1736290800,close,unconfirmed,sifting,yahoo,-0.002668,-0.000653,1791114096
twelvedata:USD/INR,1739383200,close,unconfirmed,sifting,yahoo,0.002646,0.000564,1791114096
twelvedata:USD/INR,1742976000,close,unconfirmed,sifting,yahoo,0.001938,-0.000846,1791114096
twelvedata:USD/INR,1742979600,close,unconfirmed,sifting,yahoo,-0.002663,0.000117,1791114096
twelvedata:USD/INR,1743069600,close,unconfirmed,sifting,yahoo,0.002475,-0.000892,1791114096
twelvedata:USD/INR,1743580800,close,unconfirmed,sifting,yahoo,0.002011,0.000754,1791114096
twelvedata:USD/INR,1743649200,close,unconfirmed,sifting,yahoo,-0.003153,-0.001231,1791114096
twelvedata:USD/INR,1743750000,close,unconfirmed,sifting,yahoo,-0.002161,-0.000205,1791114096
twelvedata:USD/INR,1743994800,close,unconfirmed,sifting,yahoo,-0.002710,-0.001301,1791114096
twelvedata:USD/INR,1744178400,close,unconfirmed,sifting,yahoo,0.002461,0.000474,1791114096
twelvedata:USD/INR,1744218000,close,unconfirmed,sifting,yahoo,-0.004110,-0.000035,1791114096
twelvedata:USD/INR,1767301200,close,unconfirmed,sifting,yahoo,0.002573,-0.000639,1791114096
twelvedata:USD/INR,1773082800,close,unconfirmed,sifting,yahoo,-0.002559,-0.000575,1791114096
twelvedata:USD/INR,1773090000,close,unconfirmed,sifting,yahoo,0.006120,-0.003328,1791114096
twelvedata:USD/INR,1773187200,close,unconfirmed,sifting,yahoo,-0.002601,-0.000675,1791114096
twelvedata:USD/INR,1773781200,close,unconfirmed,sifting,yahoo,0.003907,0.000314,1791114096
twelvedata:USD/INR,1773792000,close,unconfirmed,sifting,yahoo,-0.005708,0.000314,1791114096
twelvedata:USD/INR,1774213200,open,unconfirmed,sifting,yahoo,0.002794,0.000352,1791114096
twelvedata:USD/INR,1774396800,close,unconfirmed,sifting,yahoo,-0.003305,-0.000234,1791114096
twelvedata:USD/INR,1775062800,close,unconfirmed,sifting,yahoo,-0.003352,0.000713,1791114096
twelvedata:USD/INR,1775095200,close,unconfirmed,sifting,yahoo,0.002935,0.000713,1791114096
twelvedata:USD/INR,1775728800,close,unconfirmed,sifting,yahoo,-0.004894,-0.000221,1791114096
twelvedata:USD/INR,1775732400,close,unconfirmed,sifting,yahoo,0.004944,-0.002291,1791114096
twelvedata:USD/INR,1776114000,close,unconfirmed,sifting,yahoo,0.005866,-0.001404,1791114096
twelvedata:USD/INR,1776124800,close,unconfirmed,sifting,yahoo,0.005349,-0.001404,1791114096
twelvedata:USD/INR,1776128400,close,unconfirmed,sifting,yahoo,-0.017657,-0.001404,1791114096
twelvedata:USD/INR,1778061600,close,unconfirmed,sifting,yahoo,-0.003570,0.000159,1791114096
twelvedata:USD/INR,1779285600,close,unconfirmed,sifting,yahoo,-0.004392,0.000103,1791114096
twelvedata:USD/INR,1779454800,close,unconfirmed,sifting,yahoo,-0.003553,-0.001150,1791114096
twelvedata:USD/INR,1780009200,close,unconfirmed,sifting,yahoo,0.004003,-0.001098,1791114096
twelvedata:USD/INR,1780012800,close,unconfirmed,sifting,yahoo,-0.006448,-0.001098,1791114096
twelvedata:USD/INR,1780063200,close,unconfirmed,sifting,yahoo,-0.003754,-0.000105,1791114096
twelvedata:USD/INR,1780347600,close,unconfirmed,sifting,yahoo,0.003789,0.001599,1791114096
twelvedata:USD/INR,1780938000,close,unconfirmed,sifting,yahoo,-0.003762,-0.000099,1791114096
twelvedata:USD/INR,1780941600,close,unconfirmed,sifting,yahoo,0.004774,-0.000099,1791114096
twelvedata:USD/INR,1781211600,close,unconfirmed,sifting,yahoo,0.006346,-0.005734,1791114096
twelvedata:USD/INR,1789340400,close,unknown,sifting,yahoo,0.005693,0.000000,1791114096
twelvedata:USD/INR,1789344000,close,unknown,sifting,yahoo,-0.006787,0.000000,1791114096
twelvedata:USD/INR,1789347600,close,unknown,sifting,yahoo,0.004549,0.000000,1791114096
twelvedata:USD/JPY,1788768000,close,confirmed,sifting,yahoo,-0.006547,-0.007026,1791114096
twelvedata:USD/JPY,1788940800,close,confirmed,sifting,yahoo,0.003614,0.003599,1791114096
twelvedata:USD/JPY,1789581600,close,confirmed,sifting,yahoo,0.005973,0.005995,1791114096
twelvedata:USD/JPY,1789714800,close,confirmed,sifting,yahoo,0.003954,0.003976,1791114096
twelvedata:USD/JPY,1789743600,close,confirmed,sifting,yahoo,-0.003589,-0.003614,1791114096
twelvedata:USD/JPY,1790064000,close,confirmed,sifting,yahoo,-0.003601,-0.003595,1791114096
twelvedata:USD/KRW,1733238000,close,unconfirmed,sifting,yahoo,-0.005462,0.018681,1791114096
twelvedata:USD/KRW,1735164000,close,unconfirmed,sifting,yahoo,-0.005510,-0.000611,1791114096
twelvedata:USD/KRW,1735167600,close,unconfirmed,sifting,yahoo,0.006679,0.003244,1791114096
twelvedata:USD/KRW,1737417600,close,unconfirmed,sifting,yahoo,0.005459,0.002194,1791114096
twelvedata:USD/KRW,1790035200,close,confirmed,sifting,yahoo,-0.009371,-0.008990,1791114096
twelvedata:USD/KRW,1790208000,close,confirmed,sifting,yahoo,0.006396,0.003969,1791114096
twelvedata:USD/MXN,1772402400,open,unconfirmed,sifting,yahoo,0.007080,0.003323,1791114096
twelvedata:USD/MXN,1789387200,close,confirmed,sifting,yahoo,0.003893,0.003915,1791114096
twelvedata:USD/MXN,1789581600,close,confirmed,sifting,yahoo,0.005845,0.007215,1791114096
twelvedata:USD/MXN,1790179200,close,confirmed,sifting,yahoo,0.003477,0.004197,1791114096
twelvedata:USD/MXN,1790182800,close,confirmed,sifting,yahoo,-0.003769,-0.004298,1791114096
twelvedata:USD/MXN,1790258400,close,confirmed,sifting,yahoo,0.004777,0.005018,1791114096
twelvedata:USD/MXN,1790683200,close,confirmed,sifting,yahoo,0.003550,0.003955,1791114096
twelvedata:USD/MXN,1790694000,close,confirmed,sifting,yahoo,0.003703,0.003398,1791114096
twelvedata:USD/MXN,1790697600,close,confirmed,sifting,yahoo,0.003894,0.003338,1791114096
twelvedata:USD/MXN,1790766000,close,confirmed,sifting,yahoo,0.003945,0.003773,1791114096
twelvedata:USD/MXN,1790769600,close,confirmed,sifting,yahoo,-0.008564,-0.007982,1791114096
twelvedata:USD/MXN,1790780400,close,confirmed,sifting,yahoo,0.004205,0.003516,1791114096
twelvedata:USD/MXN,1790838000,close,confirmed,sifting,yahoo,0.007467,0.007422,1791114096
twelvedata:USD/MXN,1790848800,close,confirmed,sifting,yahoo,-0.003992,-0.003822,1791114096
twelvedata:USD/MXN,1790863200,close,confirmed,sifting,yahoo,0.006502,0.006771,1791114096
twelvedata:USD/MXN,1790866800,close,confirmed,sifting,yahoo,0.006990,0.006944,1791114096
twelvedata:USD/MXN,1790942400,close,confirmed,sifting,yahoo,-0.008186,-0.008230,1791114096
twelvedata:USD/MXN,1791284400,close,confirmed,sifting,yahoo,-0.004469,-0.004557,1791353215
twelvedata:USD/NOK,1784494800,open,unconfirmed,sifting,yahoo,0.013631,0.000775,1791114096
twelvedata:USD/NOK,1785704400,open,unconfirmed,sifting,yahoo,0.011079,0.002252,1791114096
twelvedata:USD/NOK,1789581600,close,confirmed,sifting,yahoo,0.007771,0.010528,1791114096
twelvedata:USD/PLN,1789581600,close,confirmed,sifting,yahoo,0.006645,0.007758,1791114096
twelvedata:USD/PLN,1790838000,close,confirmed,sifting,yahoo,0.003766,0.003757,1791114096
twelvedata:USD/PLN,1791165600,close,confirmed,sifting,yahoo,0.005415,0.005319,1791248811
twelvedata:USD/PLN,1791270000,close,confirmed,sifting,yahoo,-0.004259,-0.004200,1791353215
twelvedata:USD/SEK,1789581600,close,confirmed,sifting,yahoo,0.008865,0.010712,1791114096
twelvedata:USD/SEK,1791270000,close,confirmed,sifting,yahoo,-0.004546,-0.004531,1791353215
twelvedata:USD/TRY,1732284000,close,unconfirmed,sifting,yahoo,-0.004365,-0.000738,1791114096
twelvedata:USD/TRY,1732287600,close,unconfirmed,sifting,yahoo,0.004263,0.000631,1791114096
twelvedata:USD/TRY,1742587200,close,unconfirmed,sifting,yahoo,-0.011155,-0.001457,1791114096
twelvedata:USD/TRY,1742767200,open,unconfirmed,sifting,yahoo,0.014613,0.006071,1791114096
twelvedata:USD/TRY,1783890000,open,unconfirmed,sifting,yahoo,-0.003532,0.000615,1791114096
twelvedata:USD/TRY,1788418800,close,unconfirmed,sifting,yahoo,0.001104,0.000058,1791114096
twelvedata:USD/TRY,1788422400,close,unconfirmed,sifting,yahoo,-0.001069,-0.000321,1791114096
twelvedata:USD/TRY,1788501600,close,unconfirmed,sifting,yahoo,-0.000913,0.000058,1791114096
twelvedata:USD/TRY,1789156800,close,confirmed,sifting,yahoo,-0.001321,-0.000869,1791114096
twelvedata:USD/TRY,1789675200,close,unconfirmed,sifting,yahoo,0.001225,-0.003718,1791114096
twelvedata:USD/TRY,1790276400,close,unconfirmed,sifting,yahoo,0.000945,0.000008,1791114096
twelvedata:USD/TRY,1790283600,close,confirmed,sifting,yahoo,0.001226,0.001525,1791114096
twelvedata:USD/TRY,1790884800,close,confirmed,sifting,yahoo,0.001313,0.000542,1791114096
twelvedata:USD/ZAR,1766685600,close,unconfirmed,sifting,yahoo,0.004693,-0.000787,1791114096
twelvedata:USD/ZAR,1768773600,open,unconfirmed,sifting,yahoo,0.003312,-0.000029,1791114096
twelvedata:USD/ZAR,1789581600,close,confirmed,sifting,yahoo,0.007262,0.008426,1791114096
twelvedata:USD/ZAR,1790863200,close,confirmed,sifting,yahoo,0.005849,0.005874,1791114096
twelvedata:USD/ZAR,1790942400,close,confirmed,sifting,yahoo,-0.005738,-0.005731,1791114096
twelvedata:USHY,1789581600,close,confirmed,alpaca,yahoo,-0.003028,-0.003028,1791114096
twelvedata:USHY,1790874000,close,confirmed,alpaca,yahoo,0.002677,0.001832,1791114096
twelvedata:USIG,1789581600,close,confirmed,alpaca,yahoo,-0.003451,-0.003451,1791114096
twelvedata:USIG,1790168400,close,confirmed,alpaca,yahoo,-0.003025,-0.003025,1791114096
twelvedata:USIG,1790258400,close,confirmed,alpaca,yahoo,-0.002821,-0.002821,1791114096
twelvedata:USIG,1790604000,close,confirmed,alpaca,yahoo,-0.003379,-0.003379,1791114096
twelvedata:USIG,1790866800,close,confirmed,alpaca,yahoo,0.002888,0.002889,1791114096
twelvedata:VCIT,1789581600,close,confirmed,alpaca,yahoo,-0.004137,-0.004137,1791114096
twelvedata:VCIT,1790168400,close,confirmed,alpaca,yahoo,-0.004205,-0.004205,1791114096
twelvedata:VCIT,1790604000,close,confirmed,alpaca,yahoo,-0.003559,-0.003559,1791114096
twelvedata:VCIT,1790866800,close,confirmed,alpaca,yahoo,0.003209,0.003080,1791114096
twelvedata:VCSH,1789581600,close,confirmed,alpaca,yahoo,-0.002573,-0.002573,1791114096
twelvedata:VCSH,1790168400,close,confirmed,alpaca,yahoo,-0.001996,-0.001996,1791114096
twelvedata:VCSH,1790604000,close,confirmed,alpaca,yahoo,-0.001489,-0.001489,1791114096
twelvedata:VCSH,1790866800,close,confirmed,alpaca,yahoo,0.001363,0.001363,1791114096
twelvedata:VGIT,1789581600,close,confirmed,alpaca,yahoo,-0.004100,-0.004100,1791114096
twelvedata:VGIT,1790168400,close,confirmed,alpaca,yahoo,-0.002721,-0.002721,1791114096
twelvedata:VGIT,1790604000,close,confirmed,alpaca,yahoo,-0.002470,-0.002470,1791114096
twelvedata:VGIT,1790866800,close,confirmed,alpaca,yahoo,0.002741,0.002729,1791114096
twelvedata:VGLT,1788966000,close,confirmed,sina,yahoo,-0.005912,-0.006006,1791114096
twelvedata:VGLT,1789398000,close,confirmed,sina,yahoo,0.005869,0.005966,1791114096
twelvedata:VGLT,1790168400,close,confirmed,sina,yahoo,-0.005182,-0.005182,1791114096
twelvedata:VGLT,1790258400,close,confirmed,sina,yahoo,-0.005755,-0.005755,1791114096
twelvedata:VGLT,1790604000,close,confirmed,sina,yahoo,-0.006433,-0.006334,1791114096
twelvedata:VMBS,1789398000,close,confirmed,alpaca,yahoo,0.003202,0.003202,1791114096
twelvedata:VMBS,1789581600,close,confirmed,alpaca,yahoo,-0.003861,-0.003861,1791114096
twelvedata:VMBS,1790168400,close,confirmed,alpaca,yahoo,-0.003431,-0.003431,1791114096
twelvedata:VMBS,1790258400,close,confirmed,alpaca,yahoo,-0.004456,-0.004456,1791114096
twelvedata:VMBS,1790604000,close,confirmed,alpaca,yahoo,-0.004819,-0.004819,1791114096
twelvedata:VMBS,1790704800,close,confirmed,alpaca,yahoo,0.003718,0.003718,1791114096
twelvedata:VMBS,1790866800,close,confirmed,alpaca,yahoo,0.004628,0.004628,1791114096
twelvedata:VMBS,1790949600,close,confirmed,alpaca,yahoo,-0.003600,-0.003938,1791114096
twelvedata:VMBS,1791295200,close,confirmed,alpaca,yahoo,0.003503,0.003726,1791353215
twelvedata:VNQI,1789581600,close,confirmed,sina,yahoo,-0.009176,-0.008034,1791114096
twelvedata:VTIP,1789581600,close,confirmed,alpaca,yahoo,-0.003050,-0.003050,1791114096
twelvedata:VTIP,1790866800,close,confirmed,alpaca,yahoo,0.001447,0.001418,1791114096
twelvedata:VWOB,1789581600,close,confirmed,yahoo,sina,-0.003549,-0.003549,1791114096
twelvedata:VWOB,1790168400,close,confirmed,yahoo,sina,-0.003315,-0.003315,1791114096
twelvedata:VWOB,1790600400,open,confirmed,yahoo,sina,-0.008909,-0.008468,1791114096
twelvedata:WEAT,1788958800,close,confirmed,yahoo,sina,-0.017796,-0.017796,1791114096
twelvedata:XBI,1790172000,close,confirmed,yahoo,sina,-0.023859,-0.023859,1791114096
twelvedata:XLB,1789581600,close,confirmed,tiingo,yahoo,-0.014127,-0.014227,1791114096
twelvedata:XLC,1789995600,close,confirmed,tiingo,yahoo,0.013116,0.013968,1791114096
twelvedata:XLE,1789045200,close,confirmed,tiingo,yahoo,-0.019611,-0.019157,1791114096
twelvedata:XLF,1789581600,close,confirmed,tiingo,yahoo,-0.012534,-0.012712,1791114096
twelvedata:XLF,1790082000,close,confirmed,tiingo,yahoo,-0.012299,-0.011585,1791114096
twelvedata:XLF,1790085600,close,confirmed,tiingo,yahoo,-0.010990,-0.010898,1791114096
