ticker,day,open,prev_close
ANGL,2026-10-01,27.56999969482422,27.809999465942383
BKLN,2026-10-01,20.440000534057617,20.43000030517578
BNO,2026-10-01,61.20000076293945,60.09000015258789
BWX,2026-10-01,21.07999992370605,21.18000030517578
CANE,2026-10-01,11.289999961853027,11.260000228881836
CEMB,2026-10-01,43.7400016784668,44.0
CIBR,2026-10-01,103.93000030517578,103.08999633789062
CORN,2026-10-01,19.040000915527344,19.040000915527344
CPER,2026-10-01,39.41999816894531,39.779998779296875
DBA,2026-10-01,28.06999969482422,28.139999389648438
DBB,2026-10-01,25.059999465942383,25.299999237060547
DBC,2026-10-01,32.369998931884766,32.31999969482422
DBE,2026-10-01,36.83000183105469,36.709999084472656
DBO,2026-10-01,23.809999465942383,23.75
DIA,2026-10-01,509.3699951171875,508.5499877929688
EBND,2026-10-01,20.440000534057617,20.600000381469727
EEM,2026-10-01,66.72000122070312,66.79000091552734
EFA,2026-10-01,103.37999725341797,103.88999938964844
EMB,2026-10-01,90.12000274658203,90.83999633789062
EMHY,2026-10-01,38.40999984741211,38.7400016784668
EMLC,2026-10-01,24.59000015258789,24.82999992370605
EPI,2026-10-01,40.4900016784668,40.72999954223633
EWA,2026-10-01,27.93000030517578,28.309999465942383
EWC,2026-10-01,58.36000061035156,58.380001068115234
EWG,2026-10-01,41.27999877929688,41.310001373291016
EWJ,2026-10-01,97.75,97.45999908447266
EWL,2026-10-01,58.97999954223633,59.150001525878906
EWN,2026-10-01,67.01000213623047,67.75
EWQ,2026-10-01,42.369998931884766,42.59999847412109
EWT,2026-10-01,112.37000274658205,112.9000015258789
EWU,2026-10-01,46.119998931884766,46.52999877929688
EWW,2026-10-01,70.48999786376953,71.08999633789062
EWY,2026-10-01,184.2899932861328,182.77999877929688
EWZ,2026-10-01,37.20000076293945,37.25
EZA,2026-10-01,63.66999816894531,63.97999954223633
EZU,2026-10-01,67.37000274658203,67.33000183105469
FALN,2026-10-01,25.739999771118164,25.93000030517578
FDN,2026-10-01,291.010009765625,288.45001220703125
FXI,2026-10-01,33.9900016784668,34.02000045776367
GIGB,2026-10-01,43.18000030517578,43.5099983215332
GLD,2026-10-01,381.9100036621094,380.8399963378906
GLTR,2026-10-01,187.30999755859372,186.3000030517578
GOVT,2026-10-01,21.75,21.8700008392334
HYG,2026-10-01,76.75,77.20999908447266
IAU,2026-10-01,78.29000091552734,78.0999984741211
IEF,2026-10-01,88.79000091552734,89.30999755859375
IEI,2026-10-01,112.9800033569336,113.44000244140625
IGIB,2026-10-01,50.040000915527344,50.34999847412109
IGV,2026-10-01,108.1500015258789,106.4800033569336
IHI,2026-10-01,51.2400016784668,51.150001525878906
INDA,2026-10-01,46.40999984741211,46.68000030517578
ITB,2026-10-01,86.55000305175781,87.0199966430664
IWM,2026-10-01,277.3599853515625,277.8900146484375
IYR,2026-10-01,94.70999908447266,95.04000091552734
IYT,2026-10-01,78.4800033569336,78.5199966430664
JMBS,2026-10-01,42.15999984741211,42.2599983215332
JNK,2026-10-01,92.12999725341797,92.75
KRE,2026-10-01,69.05999755859375,69.44000244140625
LEMB,2026-10-01,42.0,42.25
LIT,2026-10-01,67.76000213623047,68.41999816894531
LMBS,2026-10-01,48.43999862670898,48.459999084472656
LQD,2026-10-01,101.43000030517578,102.18000030517578
MBB,2026-10-01,89.04000091552734,89.62000274658203
MDY,2026-10-01,656.9000244140625,656.7100219726562
PALL,2026-10-01,21.5,21.809999465942383
PCY,2026-10-01,19.809999465942383,19.8799991607666
PFF,2026-10-01,29.31999969482422,29.5
PPLT,2026-10-01,15.449999809265137,15.40999984741211
QLTA,2026-10-01,44.43000030517578,44.9900016784668
QQQ,2026-10-01,742.510009765625,739.77001953125
REM,2026-10-01,18.209999084472656,18.209999084472656
REMX,2026-10-01,63.040000915527344,64.26000213623047
RSP,2026-10-01,208.2100067138672,208.0200042724609
RWR,2026-10-01,104.4800033569336,104.91999816894533
RWX,2026-10-01,25.34000015258789,25.3700008392334
SCHH,2026-10-01,21.93000030517578,22.040000915527344
SCHO,2026-10-01,23.799999237060547,23.86000061035156
SCHP,2026-10-01,25.030000686645508,25.1299991607666
SGOL,2026-10-01,39.65999984741211,39.560001373291016
SHY,2026-10-01,80.97000122070312,81.19999694824219
SHYG,2026-10-01,40.97999954223633,41.25
SIVR,2026-10-01,57.93999862670898,57.310001373291016
SKYY,2026-10-01,166.27000427246094,163.99000549316406
SLQD,2026-10-01,49.2599983215332,49.47999954223633
SLV,2026-10-01,55.11000061035156,54.5099983215332
SLX,2026-10-01,102.1999969482422,102.26000213623048
SMH,2026-10-01,610.8800048828125,609.0
SOXX,2026-10-01,569.1900024414062,568.6400146484375
SOYB,2026-10-01,27.440000534057617,27.510000228881836
SPIB,2026-10-01,32.11000061035156,32.279998779296875
SPMB,2026-10-01,20.989999771118164,21.13999938964844
SPTL,2026-10-01,23.61000061035156,23.850000381469727
SPY,2026-10-01,764.3599853515625,762.6300048828125
SRLN,2026-10-01,40.18000030517578,40.38999938964844
STIP,2026-10-01,99.76000213623048,99.6999969482422
TIP,2026-10-01,103.83000183105469,104.04000091552734
TLH,2026-10-01,91.29000091552734,92.16999816894531
TLT,2026-10-01,76.94000244140625,77.77999877929688
TUR,2026-10-01,34.779998779296875,33.79999923706055
UGA,2026-10-01,147.25,146.67999267578125
UNG,2026-10-01,10.350000381469727,10.369999885559082
UNL,2026-10-01,5.650000095367432,5.690000057220459
USHY,2026-10-01,35.439998626708984,35.720001220703125
USIG,2026-10-01,48.400001525878906,48.709999084472656
USO,2026-10-01,145.85000610351562,145.66000366210938
VCIT,2026-10-01,77.69000244140625,78.30999755859375
VCSH,2026-10-01,76.94999694824219,77.25
VDC,2026-10-01,218.00999450683597,218.2100067138672
VGIT,2026-10-01,56.40999984741211,56.65999984741211
VGLT,2026-10-01,49.619998931884766,50.13999938964844
VHT,2026-10-01,315.92999267578125,316.0799865722656
VMBS,2026-10-01,44.40999984741211,44.40999984741211
VNQ,2026-10-01,89.3499984741211,89.62999725341797
VNQI,2026-10-01,42.29999923706055,42.52000045776367
VPU,2026-10-01,170.97000122070312,171.0
VTIP,2026-10-01,48.29999923706055,49.220001220703125
VWOB,2026-10-01,62.650001525878906,63.130001068115234
WEAT,2026-10-01,24.719999313354492,24.56999969482422
XBI,2026-10-01,156.99000549316406,157.67999267578125
XLB,2026-10-01,48.34000015258789,48.70000076293945
XLC,2026-10-01,111.73999786376953,110.97000122070312
XLE,2026-10-01,61.15999984741211,61.5
XLF,2026-10-01,53.25,53.400001525878906
XLI,2026-10-01,167.13999938964844,166.97999572753906
XLK,2026-10-01,196.8699951171875,195.75
XLP,2026-10-01,80.56999969482422,80.5999984741211
XLRE,2026-10-01,40.779998779296875,40.90999984741211
XLU,2026-10-01,39.439998626708984,39.439998626708984
XLV,2026-10-01,168.14999389648438,168.4199981689453
XLY,2026-10-01,109.20999908447266,108.83999633789062
XME,2026-10-01,102.93000030517578,103.55999755859376
XPH,2026-10-01,64.75,65.0
XRT,2026-10-01,82.2699966430664,82.1500015258789
ANGL,2026-10-02,27.709999084472656,27.61000061035156
BKLN,2026-10-02,20.450000762939453,20.459999084472656
BNO,2026-10-02,61.06999969482422,62.95000076293945
BWX,2026-10-02,21.15999984741211,21.06999969482422
CANE,2026-10-02,11.5600004196167,11.460000038146973
CEMB,2026-10-02,43.84999847412109,43.709999084472656
CIBR,2026-10-02,105.0199966430664,103.77999877929688
CORN,2026-10-02,18.90999984741211,18.979999542236328
CPER,2026-10-02,39.5,39.5099983215332
DBA,2026-10-02,28.209999084472656,28.1299991607666
DBB,2026-10-02,25.049999237060547,25.0
DBC,2026-10-02,32.25,32.75
DBE,2026-10-02,36.400001525878906,37.59000015258789
DBO,2026-10-02,23.399999618530277,24.5
DIA,2026-10-02,512.5399780273438,508.6199951171875
EBND,2026-10-02,20.520000457763672,20.40999984741211
EEM,2026-10-02,67.5999984741211,66.80999755859375
EFA,2026-10-02,103.70999908447266,102.81999969482422
EMB,2026-10-02,90.43000030517578,90.26000213623047
EMHY,2026-10-02,38.45000076293945,38.380001068115234
EMLC,2026-10-02,24.6299991607666,24.530000686645508
EPI,2026-10-02,40.68000030517578,40.43999862670898
EWA,2026-10-02,28.290000915527344,27.989999771118164
EWC,2026-10-02,58.5099983215332,58.27999877929688
EWG,2026-10-02,41.25,40.81999969482422
EWJ,2026-10-02,98.70999908447266,97.37999725341795
EWL,2026-10-02,59.310001373291016,58.81999969482422
EWN,2026-10-02,67.37000274658203,66.62000274658203
EWQ,2026-10-02,42.13999938964844,41.709999084472656
EWT,2026-10-02,115.61000061035156,112.77999877929688
EWU,2026-10-02,46.02999877929688,45.88999938964844
EWW,2026-10-02,70.73999786376953,69.7699966430664
EWY,2026-10-02,191.1300048828125,186.1100006103516
EWZ,2026-10-02,37.459999084472656,37.13999938964844
EZA,2026-10-02,63.41999816894531,62.86000061035156
EZU,2026-10-02,66.6500015258789,66.1500015258789
FALN,2026-10-02,25.88999938964844,25.770000457763672
FDN,2026-10-02,292.5,289.3299865722656
FXI,2026-10-02,33.29999923706055,33.91999816894531
GIGB,2026-10-02,43.52000045776367,43.43999862670898
GLD,2026-10-02,384.45001220703125,382.760009765625
GLTR,2026-10-02,188.47999572753903,187.47999572753903
GOVT,2026-10-02,21.88999938964844,21.850000381469727
HYG,2026-10-02,77.22000122070312,76.9000015258789
IAU,2026-10-02,78.80999755859375,78.47000122070312
IEF,2026-10-02,89.5199966430664,89.30000305175781
IEI,2026-10-02,113.62000274658203,113.4000015258789
IGIB,2026-10-02,50.380001068115234,50.25
IGV,2026-10-02,109.5500030517578,108.2300033569336
IHI,2026-10-02,50.88999938964844,50.650001525878906
INDA,2026-10-02,46.630001068115234,46.36000061035156
ITB,2026-10-02,88.9000015258789,87.37000274658203
IWM,2026-10-02,282.3299865722656,279.0199890136719
IYR,2026-10-02,94.97000122070312,94.47000122070312
IYT,2026-10-02,79.5199966430664,79.04000091552734
JMBS,2026-10-02,42.56999969482422,42.400001525878906
JNK,2026-10-02,92.66000366210938,92.30000305175781
KRE,2026-10-02,70.55000305175781,69.94999694824219
LEMB,2026-10-02,42.130001068115234,42.02999877929688
LIT,2026-10-02,68.75,68.22000122070312
LMBS,2026-10-02,48.61000061035156,48.52999877929688
LQD,2026-10-02,102.37000274658203,102.02999877929688
MBB,2026-10-02,89.81999969482422,89.55000305175781
MDY,2026-10-02,669.760009765625,663.3800048828125
PALL,2026-10-02,21.40999984741211,21.469999313354492
PCY,2026-10-02,19.86000061035156,19.81999969482422
PFF,2026-10-02,29.540000915527344,29.459999084472656
PPLT,2026-10-02,15.569999694824219,15.510000228881836
QLTA,2026-10-02,45.06999969482422,44.95000076293945
QQQ,2026-10-02,751.3099975585938,742.030029296875
REM,2026-10-02,18.15999984741211,18.0
REMX,2026-10-02,63.11000061035156,62.95000076293945
RSP,2026-10-02,210.1699981689453,209.0
RWR,2026-10-02,104.91999816894533,104.23999786376952
RWX,2026-10-02,25.15999984741211,25.149999618530277
SCHH,2026-10-02,22.01000022888184,21.86000061035156
SCHO,2026-10-02,23.850000381469727,23.84000015258789
SCHP,2026-10-02,25.18000030517578,25.149999618530277
SGOL,2026-10-02,39.90999984741211,39.7400016784668
SHY,2026-10-02,81.16999816894531,81.0999984741211
SHYG,2026-10-02,41.20000076293945,41.04999923706055
SIVR,2026-10-02,58.310001373291016,57.86000061035156
SKYY,2026-10-02,168.14999389648438,166.9600067138672
SLQD,2026-10-02,49.41999816894531,49.380001068115234
SLV,2026-10-02,55.459999084472656,55.02000045776367
SLX,2026-10-02,102.31999969482422,101.80999755859376
SMH,2026-10-02,632.27001953125,617.8099975585938
SOXX,2026-10-02,590.9099731445312,576.3300170898438
SOYB,2026-10-02,27.200000762939453,27.200000762939453
SPIB,2026-10-02,32.29999923706055,32.22999954223633
SPMB,2026-10-02,21.200000762939453,21.1200008392334
SPTL,2026-10-02,23.899999618530277,23.81999969482422
SPY,2026-10-02,770.5800170898438,763.989990234375
SRLN,2026-10-02,40.220001220703125,40.18999862670898
STIP,2026-10-02,100.08000183105467,100.02999877929688
TIP,2026-10-02,104.45999908447266,104.30999755859375
TLH,2026-10-02,92.27999877929688,92.0199966430664
TLT,2026-10-02,77.94000244140625,77.70999908447266
TUR,2026-10-02,34.66999816894531,34.400001525878906
UGA,2026-10-02,147.00999450683594,152.8800048828125
UNG,2026-10-02,10.170000076293945,10.15999984741211
UNL,2026-10-02,5.570000171661377,5.619999885559082
USHY,2026-10-02,35.65999984741211,35.5
USIG,2026-10-02,48.75,48.619998931884766
USO,2026-10-02,143.55999755859375,150.02000427246094
VCIT,2026-10-02,78.33000183105469,78.12999725341797
VCSH,2026-10-02,77.23999786376953,77.12999725341797
VDC,2026-10-02,218.5200042724609,217.7100067138672
VGIT,2026-10-02,56.77000045776367,56.63999938964844
VGLT,2026-10-02,50.209999084472656,50.06999969482422
VHT,2026-10-02,312.739990234375,311.7200012207031
VMBS,2026-10-02,44.54999923706055,44.380001068115234
VNQ,2026-10-02,89.54000091552734,89.16999816894531
VNQI,2026-10-02,41.97999954223633,42.060001373291016
VPU,2026-10-02,172.7100067138672,171.9199981689453
VTIP,2026-10-02,48.459999084472656,48.40999984741211
VWOB,2026-10-02,62.869998931884766,62.70000076293945
WEAT,2026-10-02,24.8700008392334,24.719999313354492
XBI,2026-10-02,156.41000366210938,154.50999450683594
XLB,2026-10-02,48.83000183105469,48.540000915527344
XLC,2026-10-02,110.30999755859375,109.94000244140625
XLE,2026-10-02,61.86000061035156,62.70000076293945
XLF,2026-10-02,53.540000915527344,53.459999084472656
XLI,2026-10-02,170.1999969482422,168.63999938964844
XLK,2026-10-02,201.16000366210938,197.80999755859375
XLP,2026-10-02,80.47000122070312,80.33000183105469
XLRE,2026-10-02,40.959999084472656,40.68000030517578
XLU,2026-10-02,39.880001068115234,39.68000030517578
XLV,2026-10-02,166.5500030517578,166.1999969482422
XLY,2026-10-02,109.88999938964844,108.80999755859375
XME,2026-10-02,105.66000366210938,104.29000091552734
XPH,2026-10-02,64.30000305175781,63.77999877929688
XRT,2026-10-02,83.36000061035156,82.62000274658203
ANGL,2026-10-05,27.56999969482422,27.56999969482422
BKLN,2026-10-05,20.479999542236328,20.479999542236328
BNO,2026-10-05,62.400001525878906,63.099998474121094
BWX,2026-10-05,21.06999969482422,21.149999618530277
CANE,2026-10-05,12.130000114440918,11.81999969482422
CEMB,2026-10-05,43.7599983215332,43.7400016784668
CIBR,2026-10-05,104.91999816894533,104.6999969482422
CORN,2026-10-05,19.040000915527344,18.850000381469727
CPER,2026-10-05,39.65999984741211,39.52000045776367
DBA,2026-10-05,28.5,28.209999084472656
DBB,2026-10-05,25.010000228881836,24.889999389648438
DBC,2026-10-05,32.560001373291016,32.540000915527344
DBE,2026-10-05,36.81999969482422,37.16999816894531
DBO,2026-10-05,23.57999992370605,24.0
DIA,2026-10-05,510.3699951171875,511.1000061035156
EBND,2026-10-05,20.56999969482422,20.520000457763672
EEM,2026-10-05,68.44999694824219,67.66999816894531
EFA,2026-10-05,103.5199966430664,103.95999908447266
EMB,2026-10-05,90.1500015258789,90.13999938964844
EMHY,2026-10-05,38.380001068115234,38.380001068115234
EMLC,2026-10-05,24.690000534057617,24.6200008392334
EPI,2026-10-05,40.4900016784668,40.52999877929688
EWA,2026-10-05,28.270000457763672,28.31999969482422
EWC,2026-10-05,58.77000045776367,58.720001220703125
EWG,2026-10-05,41.09999847412109,41.29999923706055
EWJ,2026-10-05,98.91999816894533,98.91999816894533
EWL,2026-10-05,59.130001068115234,59.22999954223633
EWN,2026-10-05,67.37999725341797,67.87999725341797
EWQ,2026-10-05,41.61000061035156,42.22999954223633
EWT,2026-10-05,117.95999908447266,116.33000183105467
EWU,2026-10-05,46.02999877929688,46.18000030517578
EWW,2026-10-05,71.44999694824219,71.08999633789062
EWY,2026-10-05,191.3500061035156,191.8800048828125
EWZ,2026-10-05,42.77999877929688,38.18999862670898
EZA,2026-10-05,62.91999816894531,63.18999862670898
EZU,2026-10-05,66.54000091552734,67.02999877929688
FALN,2026-10-05,25.76000022888184,25.75
FDN,2026-10-05,291.8999938964844,291.75
FXI,2026-10-05,33.5099983215332,33.189998626708984
GIGB,2026-10-05,43.33000183105469,43.36000061035156
GLD,2026-10-05,380.70001220703125,380.1400146484375
GLTR,2026-10-05,187.3500061035156,186.1499938964844
GOVT,2026-10-05,21.799999237060547,21.809999465942383
HYG,2026-10-05,76.88999938964844,76.91000366210938
IAU,2026-10-05,78.05000305175781,77.94999694824219
IEF,2026-10-05,88.95999908447266,89.05000305175781
IEI,2026-10-05,113.16999816894531,113.16999816894531
IGIB,2026-10-05,50.09999847412109,50.150001525878906
IGV,2026-10-05,109.4000015258789,108.43000030517578
IHI,2026-10-05,50.41999816894531,50.45000076293945
INDA,2026-10-05,46.380001068115234,46.52000045776367
ITB,2026-10-05,86.31999969482422,86.63999938964844
IWM,2026-10-05,281.95001220703125,281.5199890136719
IYR,2026-10-05,94.62000274658205,94.7699966430664
IYT,2026-10-05,80.30999755859375,80.19999694824219
JMBS,2026-10-05,42.20000076293945,42.29999923706055
JNK,2026-10-05,92.37000274658203,92.38999938964844
KRE,2026-10-05,70.77999877929688,70.77999877929688
LEMB,2026-10-05,42.130001068115234,42.040000915527344
LIT,2026-10-05,69.41999816894531,69.27999877929688
LMBS,2026-10-05,48.59999847412109,48.4900016784668
LQD,2026-10-05,101.66999816894531,101.83000183105469
MBB,2026-10-05,89.11000061035156,89.22000122070312
MDY,2026-10-05,669.0,669.6599731445312
PALL,2026-10-05,21.309999465942383,21.25
PCY,2026-10-05,19.799999237060547,19.799999237060547
PFF,2026-10-05,29.5,29.559999465942383
PPLT,2026-10-05,15.619999885559082,15.430000305175781
QLTA,2026-10-05,44.790000915527344,44.86000061035156
QQQ,2026-10-05,749.3499755859375,749.5800170898438
REM,2026-10-05,17.780000686645508,17.760000228881836
REMX,2026-10-05,63.25,63.209999084472656
RSP,2026-10-05,209.8699951171875,209.72999572753903
RWR,2026-10-05,104.58000183105467,104.6500015258789
RWX,2026-10-05,25.030000686645508,25.01000022888184
SCHH,2026-10-05,21.93000030517578,21.950000762939453
SCHO,2026-10-05,23.81999969482422,23.81999969482422
SCHP,2026-10-05,25.100000381469727,25.100000381469727
SGOL,2026-10-05,39.52999877929688,39.459999084472656
SHY,2026-10-05,81.06999969482422,81.05000305175781
SHYG,2026-10-05,41.060001373291016,41.06999969482422
SIVR,2026-10-05,58.45000076293945,57.56999969482422
SKYY,2026-10-05,168.1999969482422,168.13999938964844
SLQD,2026-10-05,49.33000183105469,49.31999969482422
SLV,2026-10-05,55.599998474121094,54.7400016784668
SLX,2026-10-05,103.56999969482422,103.52999877929688
SMH,2026-10-05,631.469970703125,630.5999755859375
SOXX,2026-10-05,586.6099853515625,588.9000244140625
SOYB,2026-10-05,27.510000228881836,27.219999313354492
SPIB,2026-10-05,32.15999984741211,32.18000030517578
SPMB,2026-10-05,21.030000686645508,21.049999237060547
SPTL,2026-10-05,23.670000076293945,23.75
SPY,2026-10-05,769.6900024414062,769.6400146484375
SRLN,2026-10-05,40.22999954223633,40.22999954223633
STIP,2026-10-05,99.95999908447266,99.91999816894533
TIP,2026-10-05,104.05000305175781,104.11000061035156
TLH,2026-10-05,91.47000122070312,91.7300033569336
TLT,2026-10-05,77.16000366210938,77.4800033569336
TUR,2026-10-05,34.77000045776367,34.279998779296875
UGA,2026-10-05,146.6199951171875,149.27000427246094
UNG,2026-10-05,10.390000343322754,10.470000267028809
UNL,2026-10-05,5.559999942779541,5.639999866485596
USHY,2026-10-05,35.5099983215332,35.52000045776367
USIG,2026-10-05,48.459999084472656,48.540000915527344
USO,2026-10-05,144.63999938964844,147.3699951171875
VCIT,2026-10-05,77.93000030517578,77.9800033569336
VCSH,2026-10-05,77.04000091552734,77.0199966430664
VDC,2026-10-05,218.5500030517578,218.47999572753903
VGIT,2026-10-05,56.52000045776367,56.52999877929688
VGLT,2026-10-05,49.7400016784668,49.91999816894531
VHT,2026-10-05,311.739990234375,311.8999938964844
VMBS,2026-10-05,44.18000030517578,44.2400016784668
VNQ,2026-10-05,89.5,89.5
VNQI,2026-10-05,41.75,41.959999084472656
VPU,2026-10-05,173.05999755859375,172.64999389648438
VTIP,2026-10-05,48.400001525878906,48.380001068115234
VWOB,2026-10-05,62.720001220703125,62.709999084472656
WEAT,2026-10-05,25.229999542236328,24.75
XBI,2026-10-05,155.55999755859375,154.42999267578125
XLB,2026-10-05,48.83000183105469,48.86000061035156
XLC,2026-10-05,110.22000122070312,110.31999969482422
XLE,2026-10-05,62.75,62.81999969482422
XLF,2026-10-05,53.5,53.4900016784668
XLI,2026-10-05,169.63999938964844,169.9499969482422
XLK,2026-10-05,200.27000427246094,199.80999755859375
XLP,2026-10-05,80.51000213623047,80.52999877929688
XLRE,2026-10-05,40.77000045776367,40.810001373291016
XLU,2026-10-05,39.869998931884766,39.83000183105469
XLV,2026-10-05,166.0,166.17999267578125
XLY,2026-10-05,109.7699966430664,110.04000091552734
XME,2026-10-05,105.98999786376952,105.73999786376952
XPH,2026-10-05,63.560001373291016,63.63999938964844
XRT,2026-10-05,82.73999786376953,82.62999725341797
ANGL,2026-10-06,27.709999084472656,27.600000381469727
BKLN,2026-10-06,20.5,20.489999771118164
BNO,2026-10-06,60.06999969482422,61.45000076293945
BWX,2026-10-06,21.229999542236328,21.13999938964844
CANE,2026-10-06,12.1899995803833,12.1899995803833
CEMB,2026-10-06,43.880001068115234,43.810001373291016
CIBR,2026-10-06,107.53800201416016,106.01000213623048
CORN,2026-10-06,19.06999969482422,18.899999618530273
CPER,2026-10-06,39.86000061035156,39.86000061035156
DBA,2026-10-06,28.540000915527344,28.459999084472656
DBB,2026-10-06,25.1299991607666,25.079999923706055
DBC,2026-10-06,32.189998626708984,32.38999938964844
DBE,2026-10-06,35.95000076293945,36.560001373291016
DBO,2026-10-06,23.170000076293945,23.459999084472656
DIA,2026-10-06,514.3200073242188,512.1099853515625
EBND,2026-10-06,20.71999931335449,20.600000381469727
EEM,2026-10-06,68.75,68.7300033569336
EFA,2026-10-06,104.48999786376953,104.02999877929688
EMB,2026-10-06,90.91999816894531,90.33999633789062
EMHY,2026-10-06,38.650001525878906,38.4900016784668
EMLC,2026-10-06,24.93000030517578,24.690000534057617
EPI,2026-10-06,40.650001525878906,40.5099983215332
EWA,2026-10-06,28.57999992370605,28.43000030517578
EWC,2026-10-06,59.06999969482422,58.77999877929688
EWG,2026-10-06,41.47999954223633,41.25
EWJ,2026-10-06,99.79000091552734,99.3000030517578
EWL,2026-10-06,59.43000030517578,59.2599983215332
EWN,2026-10-06,68.0999984741211,67.70999908447266
EWQ,2026-10-06,41.88999938964844,41.790000915527344
EWT,2026-10-06,118.29000091552734,118.0
EWU,2026-10-06,46.34999847412109,46.18999862670898
EWW,2026-10-06,72.37000274658203,71.87000274658203
EWY,2026-10-06,190.2100067138672,191.4600067138672
EWZ,2026-10-06,43.54999923706055,42.97999954223633
EZA,2026-10-06,63.43999862670898,63.16999816894531
EZU,2026-10-06,66.97000122070312,66.79000091552734
FALN,2026-10-06,25.899999618530277,25.790000915527344
FDN,2026-10-06,295.489990234375,293.8299865722656
FXI,2026-10-06,33.790000915527344,33.849998474121094
GIGB,2026-10-06,43.38999938964844,43.380001068115234
GLD,2026-10-06,381.4700012207031,379.54998779296875
GLTR,2026-10-06,187.0399932861328,186.47000122070312
GOVT,2026-10-06,21.81999969482422,21.790000915527344
HYG,2026-10-06,77.1500015258789,76.9800033569336
IAU,2026-10-06,78.19000244140625,77.81999969482422
IEF,2026-10-06,89.06999969482422,88.91999816894531
IEI,2026-10-06,113.30999755859375,113.16999816894531
IGIB,2026-10-06,50.27999877929688,50.16999816894531
IGV,2026-10-06,110.75,109.72000122070312
IHI,2026-10-06,51.59000015258789,51.59000015258789
INDA,2026-10-06,46.869998931884766,46.56999969482422
ITB,2026-10-06,85.6500015258789,85.58000183105469
IWM,2026-10-06,284.3999938964844,283.3800048828125
IYR,2026-10-06,94.5,94.36000061035156
IYT,2026-10-06,80.05000305175781,79.8499984741211
JMBS,2026-10-06,42.18000030517578,42.18000030517578
JNK,2026-10-06,92.80999755859375,92.5199966430664
KRE,2026-10-06,70.5,70.38999938964844
LEMB,2026-10-06,42.380001068115234,42.209999084472656
LIT,2026-10-06,71.0,70.12999725341797
LMBS,2026-10-06,48.47999954223633,48.46500015258789
LQD,2026-10-06,102.0199966430664,101.83000183105469
MBB,2026-10-06,89.16000366210938,89.08999633789062
MDY,2026-10-06,675.2000122070312,672.27001953125
PALL,2026-10-06,21.079999923706055,21.280000686645508
PCY,2026-10-06,19.920000076293945,19.799999237060547
PFF,2026-10-06,29.559999465942383,29.489999771118164
PPLT,2026-10-06,15.369999885559082,15.579999923706055
QLTA,2026-10-06,44.93999862670898,44.869998931884766
QQQ,2026-10-06,760.52001953125,756.2000122070312
REM,2026-10-06,17.610000610351562,17.600000381469727
REMX,2026-10-06,63.52999877929688,63.540000915527344
RSP,2026-10-06,211.80999755859372,211.1199951171875
RWR,2026-10-06,104.41000366210938,104.12000274658205
RWX,2026-10-06,25.229999542236328,24.96999931335449
SCHH,2026-10-06,21.899999618530277,21.850000381469727
SCHO,2026-10-06,23.84000015258789,23.82999992370605
SCHP,2026-10-06,25.07999992370605,25.07999992370605
SGOL,2026-10-06,39.59999847412109,39.41999816894531
SHY,2026-10-06,81.11000061035156,81.08000183105469
SHYG,2026-10-06,41.220001220703125,41.09999847412109
SIVR,2026-10-06,58.150001525878906,57.970001220703125
SKYY,2026-10-06,171.55999755859375,169.83999633789062
SLQD,2026-10-06,49.41999816894531,49.380001068115234
SLV,2026-10-06,55.29999923706055,55.130001068115234
SLX,2026-10-06,105.69000244140624,105.12999725341795
SMH,2026-10-06,638.3800048828125,633.9000244140625
SOXX,2026-10-06,593.5399780273438,589.510009765625
SOYB,2026-10-06,27.450000762939453,27.31999969482422
SPIB,2026-10-06,32.2599983215332,32.189998626708984
SPMB,2026-10-06,21.030000686645508,21.0
SPTL,2026-10-06,23.68000030517578,23.63999938964844
SPY,2026-10-06,778.1500244140625,774.8300170898438
SRLN,2026-10-06,40.25,40.220001220703125
STIP,2026-10-06,99.9800033569336,99.9499969482422
TIP,2026-10-06,104.04000091552734,103.9800033569336
TLH,2026-10-06,91.4800033569336,91.33999633789062
TLT,2026-10-06,77.16999816894531,77.11000061035156
TUR,2026-10-06,34.459999084472656,34.72999954223633
UGA,2026-10-06,144.72000122070312,145.17999267578125
UNG,2026-10-06,10.739999771118164,10.550000190734863
UNL,2026-10-06,5.699999809265137,5.639999866485596
USHY,2026-10-06,35.66999816894531,35.540000915527344
USIG,2026-10-06,48.630001068115234,48.540000915527344
USO,2026-10-06,142.32000732421875,143.99000549316406
VCIT,2026-10-06,78.16000366210938,77.98999786376953
VCSH,2026-10-06,77.16999816894531,77.08999633789062
VDC,2026-10-06,220.0500030517578,219.92999267578125
VGIT,2026-10-06,56.59000015258789,56.5099983215332
VGLT,2026-10-06,49.7400016784668,49.68000030517578
VHT,2026-10-06,315.79998779296875,314.510009765625
VMBS,2026-10-06,44.16999816894531,44.15999984741211
VNQ,2026-10-06,89.37999725341797,89.1500015258789
VNQI,2026-10-06,42.0099983215332,41.93999862670898
VPU,2026-10-06,175.02999877929688,173.1999969482422
VTIP,2026-10-06,48.380001068115234,48.38999938964844
VWOB,2026-10-06,63.119998931884766,62.79999923706055
WEAT,2026-10-06,25.299999237060547,25.09000015258789
XBI,2026-10-06,156.8699951171875,156.19000244140625
XLB,2026-10-06,49.54999923706055,49.5
XLC,2026-10-06,111.9800033569336,111.61000061035156
XLE,2026-10-06,63.02000045776367,63.45000076293945
XLF,2026-10-06,53.970001220703125,53.880001068115234
XLI,2026-10-06,170.6999969482422,170.10000610351562
XLK,2026-10-06,202.47999572753906,200.92999267578125
XLP,2026-10-06,81.06999969482422,81.04000091552734
XLRE,2026-10-06,40.790000915527344,40.66999816894531
XLU,2026-10-06,40.40999984741211,39.970001220703125
XLV,2026-10-06,168.0,167.3699951171875
XLY,2026-10-06,110.8499984741211,110.41999816894531
XME,2026-10-06,108.86000061035156,107.76000213623048
XPH,2026-10-06,63.88999938964844,63.65999984741211
XRT,2026-10-06,82.87000274658203,82.91999816894531
